{"frequencies": [2089.1472734513313, 2277.3361212249624, 2359.6907956324767, 4049.8281017481618, 4154.676436053295, 5923.568917306629, 6989.643390021629, 8896.701304145925, 9072.98479209896, 9236.55147115745, 9624.491800046275], "max_frequency": 10000.0, "rho": 1.2, "c": 343.0, "n_left": 1.0, "n_right": 1.0, "elements_per_lambda": 15.0, "elements_per_lambda_surf": 30.0, "absorber": {"depth": 0.49254545769770575, "round_trip": 1e-25, "degree": 5}, "crystal": {"grid_size": 0.022, "n": 10, "radius": 0.007307915725586987, "inner_radius": 0.006764970129705963, "gap_width": 0.003477532360504264}, "indices": {"left_side": 10000, "crystal_domain": 10010, "right_side": 10020, "absorber": 20000}, "processed": true, "height": 0.022, "ks": [38.26967770578337, 41.71698208860068, 43.22558173937285, 74.18606538048701, 76.1067111926977, 108.5098576888825, 128.03855583267875, 162.972661564359, 166.20187970256563, 169.19814720870113, 176.30456404408503], "wave_lengths": [0.16418181923256858, 0.1506145697173164, 0.14535802768517578, 0.08469495281835283, 0.08255757223920676, 0.057904281150147854, 0.0490726036881459, 0.03855361535405933, 0.03780453818226337, 0.03713507157634212, 0.035638245335546014], "unique_id": "20240814084304-c3351b9e-7000-4a82-a207-b5f78cea177b", "domain_box": {"x_min": -0.033, "y_min": -0.011, "x_max": 0.23099999999999996, "y_max": 0.011, "min": [-0.033, -0.011, 0.0], "max": [0.23099999999999996, 0.011, 0.0], "size": [0.26399999999999996, 0.022]}, "left_box": {"x_min": -0.033, "y_min": -0.011, "x_max": -0.011, "y_max": 0.011, "min": [-0.033, -0.011, 0.0], "max": [-0.011, 0.011, 0.0], "size": [0.022000000000000002, 0.022]}, "crystal_box": {"x_min": -0.011, "y_min": -0.011, "x_max": 0.20899999999999996, "y_max": 0.011, "min": [-0.011, -0.011, 0.0], "max": [0.20899999999999996, 0.011, 0.0], "size": [0.21999999999999997, 0.022]}, "right_box": {"x_min": 0.20899999999999996, "y_min": -0.011, "x_max": 0.23099999999999996, "y_max": 0.011, "min": [0.20899999999999996, -0.011, 0.0], "max": [0.23099999999999996, 0.011, 0.0], "size": [0.021999999999999992, 0.022]}, "absorber_boxes": {"left": {"x_min": -0.5255454576977058, "y_min": -0.011, "x_max": -0.033, "y_max": 0.011, "min": [-0.5255454576977058, -0.011, 0.0], "max": [-0.033, 0.011, 0.0], "size": [0.49254545769770575, 0.022]}, "right": {"x_min": 0.23099999999999996, "y_min": -0.011, "x_max": 0.7235454576977057, "y_max": 0.011, "min": [0.23099999999999996, -0.011, 0.0], "max": [0.7235454576977057, 0.011, 0.0], "size": [0.49254545769770575, 0.022]}}}
