{"frequencies": [2283.1760148171893, 3004.2113385788207, 3627.037474883494, 4332.3372106414845, 5480.470322948291, 6027.308122958105, 6232.353091057817, 7690.014242772988, 7998.6057419877825, 9558.369680390266, 9627.409248053615], "max_frequency": 10000.0, "rho": 1.2, "c": 343.0, "n_left": 1.0, "n_right": 1.0, "elements_per_lambda": 15.0, "elements_per_lambda_surf": 30.0, "absorber": {"depth": 0.4506879860869555, "round_trip": 1e-25, "degree": 5}, "crystal": {"grid_size": 0.022, "n": 10, "radius": 0.008154261325549913, "inner_radius": 0.0075913459974696045, "gap_width": 0.007268173276682807}, "indices": {"left_side": 10000, "crystal_domain": 10010, "right_side": 10020, "absorber": 20000}, "processed": true, "height": 0.022, "ks": [41.82395915453121, 55.03211819889436, 66.44124947748605, 79.36115891443139, 100.3930338471792, 110.41018612249137, 114.1662663874337, 140.86817639123322, 146.52105561510177, 175.0933175988891, 176.35800680342663], "wave_lengths": [0.15022932869565184, 0.11417305952991323, 0.09456753683280256, 0.07917204578570013, 0.06258586942141832, 0.05690765977161645, 0.055035392730257295, 0.04460329840381617, 0.042882473654059484, 0.03588478071775054, 0.035627445677490516], "unique_id": "20240814084304-03bbec82-8f2b-40cc-9b06-fba9a492a0a8", "domain_box": {"x_min": -0.033, "y_min": -0.011, "x_max": 0.23099999999999996, "y_max": 0.011, "min": [-0.033, -0.011, 0.0], "max": [0.23099999999999996, 0.011, 0.0], "size": [0.26399999999999996, 0.022]}, "left_box": {"x_min": -0.033, "y_min": -0.011, "x_max": -0.011, "y_max": 0.011, "min": [-0.033, -0.011, 0.0], "max": [-0.011, 0.011, 0.0], "size": [0.022000000000000002, 0.022]}, "crystal_box": {"x_min": -0.011, "y_min": -0.011, "x_max": 0.20899999999999996, "y_max": 0.011, "min": [-0.011, -0.011, 0.0], "max": [0.20899999999999996, 0.011, 0.0], "size": [0.21999999999999997, 0.022]}, "right_box": {"x_min": 0.20899999999999996, "y_min": -0.011, "x_max": 0.23099999999999996, "y_max": 0.011, "min": [0.20899999999999996, -0.011, 0.0], "max": [0.23099999999999996, 0.011, 0.0], "size": [0.021999999999999992, 0.022]}, "absorber_boxes": {"left": {"x_min": -0.4836879860869555, "y_min": -0.011, "x_max": -0.033, "y_max": 0.011, "min": [-0.4836879860869555, -0.011, 0.0], "max": [-0.033, 0.011, 0.0], "size": [0.4506879860869555, 0.022]}, "right": {"x_min": 0.23099999999999996, "y_min": -0.011, "x_max": 0.6816879860869555, "y_max": 0.011, "min": [0.23099999999999996, -0.011, 0.0], "max": [0.6816879860869555, 0.011, 0.0], "size": [0.4506879860869555, 0.022]}}}
