{"frequencies": [2260.7247616019695, 2760.0274804746655, 3219.426058663636, 3395.2608832905007, 3789.748030197695, 4015.1978945982946, 4809.971902545214, 6801.382129430391, 7170.406463582947, 8015.392615301529, 9073.733872093322], "max_frequency": 10000.0, "rho": 1.2, "c": 343.0, "n_left": 1.0, "n_right": 1.0, "elements_per_lambda": 15.0, "elements_per_lambda_surf": 30.0, "absorber": {"depth": 0.45516376760116584, "round_trip": 1e-25, "degree": 5}, "crystal": {"grid_size": 0.022, "n": 10, "radius": 0.009337714860650223, "inner_radius": 0.008613150052358139, "gap_width": 0.0054983938349888045}, "indices": {"left_side": 10000, "crystal_domain": 10010, "right_side": 10020, "absorber": 20000}, "processed": true, "height": 0.022, "ks": [41.4126898124623, 50.55907904586096, 58.97449128089342, 62.19549065869521, 69.42183423105229, 73.55169800804202, 88.11062619830533, 124.58992496836979, 131.3498324737315, 146.82856300798343, 166.21560159298687], "wave_lengths": [0.1517212558670553, 0.12427412495944111, 0.10654072923245742, 0.10102316487314612, 0.09050733644212942, 0.0854254283360337, 0.0713101878658585, 0.0504309261665799, 0.047835503013954374, 0.04279266362388872, 0.03780141723738581], "unique_id": "20240814084304-329d7411-ebd8-4e87-afa2-fd9982d77a2f", "domain_box": {"x_min": -0.033, "y_min": -0.011, "x_max": 0.23099999999999996, "y_max": 0.011, "min": [-0.033, -0.011, 0.0], "max": [0.23099999999999996, 0.011, 0.0], "size": [0.26399999999999996, 0.022]}, "left_box": {"x_min": -0.033, "y_min": -0.011, "x_max": -0.011, "y_max": 0.011, "min": [-0.033, -0.011, 0.0], "max": [-0.011, 0.011, 0.0], "size": [0.022000000000000002, 0.022]}, "crystal_box": {"x_min": -0.011, "y_min": -0.011, "x_max": 0.20899999999999996, "y_max": 0.011, "min": [-0.011, -0.011, 0.0], "max": [0.20899999999999996, 0.011, 0.0], "size": [0.21999999999999997, 0.022]}, "right_box": {"x_min": 0.20899999999999996, "y_min": -0.011, "x_max": 0.23099999999999996, "y_max": 0.011, "min": [0.20899999999999996, -0.011, 0.0], "max": [0.23099999999999996, 0.011, 0.0], "size": [0.021999999999999992, 0.022]}, "absorber_boxes": {"left": {"x_min": -0.48816376760116587, "y_min": -0.011, "x_max": -0.033, "y_max": 0.011, "min": [-0.48816376760116587, -0.011, 0.0], "max": [-0.033, 0.011, 0.0], "size": [0.45516376760116584, 0.022]}, "right": {"x_min": 0.23099999999999996, "y_min": -0.011, "x_max": 0.6861637676011658, "y_max": 0.011, "min": [0.23099999999999996, -0.011, 0.0], "max": [0.6861637676011658, 0.011, 0.0], "size": [0.45516376760116584, 0.022]}}}
