{"frequencies": [2088.9128516251426, 2316.9011601285074, 2977.4393607313286, 4601.39853745222, 4658.015199716021, 5012.6424039388185, 5046.599242528875, 5921.696356894013, 7414.599151789722, 9640.074898087403, 9893.600384013487], "max_frequency": 10000.0, "rho": 1.2, "c": 343.0, "n_left": 1.0, "n_right": 1.0, "elements_per_lambda": 15.0, "elements_per_lambda_surf": 30.0, "absorber": {"depth": 0.49260073209825556, "round_trip": 1e-25, "degree": 5}, "crystal": {"grid_size": 0.022, "n": 10, "radius": 0.008822492443629707, "inner_radius": 0.006092934128406893, "gap_width": 0.004491061649480855}, "indices": {"left_side": 10000, "crystal_domain": 10010, "right_side": 10020, "absorber": 20000}, "processed": true, "height": 0.022, "ks": [38.26538349069885, 42.44174731051538, 54.54170042088998, 84.28991161223739, 85.32703400429996, 91.82321021158526, 92.44524260023631, 108.47555551957826, 135.82303337945015, 176.5900202908849, 181.23418241381881], "wave_lengths": [0.16420024403275185, 0.1480425690584813, 0.11519965931925855, 0.0745425542274193, 0.07363651368525187, 0.06842698368638436, 0.06796656193926766, 0.05792259165748695, 0.04626008675293085, 0.03558063641891947, 0.03466887550403132], "unique_id": "20240814084304-60e8467c-d7e2-48ce-aa18-f84a9fbf6120", "domain_box": {"x_min": -0.033, "y_min": -0.011, "x_max": 0.23099999999999996, "y_max": 0.011, "min": [-0.033, -0.011, 0.0], "max": [0.23099999999999996, 0.011, 0.0], "size": [0.26399999999999996, 0.022]}, "left_box": {"x_min": -0.033, "y_min": -0.011, "x_max": -0.011, "y_max": 0.011, "min": [-0.033, -0.011, 0.0], "max": [-0.011, 0.011, 0.0], "size": [0.022000000000000002, 0.022]}, "crystal_box": {"x_min": -0.011, "y_min": -0.011, "x_max": 0.20899999999999996, "y_max": 0.011, "min": [-0.011, -0.011, 0.0], "max": [0.20899999999999996, 0.011, 0.0], "size": [0.21999999999999997, 0.022]}, "right_box": {"x_min": 0.20899999999999996, "y_min": -0.011, "x_max": 0.23099999999999996, "y_max": 0.011, "min": [0.20899999999999996, -0.011, 0.0], "max": [0.23099999999999996, 0.011, 0.0], "size": [0.021999999999999992, 0.022]}, "absorber_boxes": {"left": {"x_min": -0.5256007320982555, "y_min": -0.011, "x_max": -0.033, "y_max": 0.011, "min": [-0.5256007320982555, -0.011, 0.0], "max": [-0.033, 0.011, 0.0], "size": [0.4926007320982555, 0.022]}, "right": {"x_min": 0.23099999999999996, "y_min": -0.011, "x_max": 0.7236007320982555, "y_max": 0.011, "min": [0.23099999999999996, -0.011, 0.0], "max": [0.7236007320982555, 0.011, 0.0], "size": [0.4926007320982555, 0.022]}}}
