{"frequencies": [2788.5438316693153, 2857.9134754348675, 3297.132469189809, 3590.3884412552743, 4049.162527807268, 4613.858640114854, 4679.794786692901, 5080.771121307815, 5414.878622046133, 6525.76743375154, 7098.370879393312], "max_frequency": 10000.0, "rho": 1.2, "c": 343.0, "n_left": 1.0, "n_right": 1.0, "elements_per_lambda": 15.0, "elements_per_lambda_surf": 30.0, "absorber": {"depth": 0.3690097994206554, "round_trip": 1e-25, "degree": 5}, "crystal": {"grid_size": 0.022, "n": 10, "radius": 0.007696621641467886, "inner_radius": 0.007393367105340595, "gap_width": 0.00531092986287548}, "indices": {"left_side": 10000, "crystal_domain": 10010, "right_side": 10020, "absorber": 20000}, "processed": true, "height": 0.022, "ks": [51.08145082090644, 52.352186466597395, 60.39794252547568, 65.76990058647975, 74.17387318105183, 84.51815981624851, 85.72599954625207, 93.07121416485018, 99.19150378484288, 119.54112553299916, 130.03026126622595], "wave_lengths": [0.12300326647355181, 0.12001762927683045, 0.10402979049376321, 0.09553283874768717, 0.0847088744016763, 0.0743412459622867, 0.07329381215076525, 0.06750943740833383, 0.06334398680766547, 0.05256086789516736, 0.04832094657039331], "unique_id": "20240814084304-6be49c51-6559-4f77-9523-5ba78b9bb330", "domain_box": {"x_min": -0.033, "y_min": -0.011, "x_max": 0.23099999999999996, "y_max": 0.011, "min": [-0.033, -0.011, 0.0], "max": [0.23099999999999996, 0.011, 0.0], "size": [0.26399999999999996, 0.022]}, "left_box": {"x_min": -0.033, "y_min": -0.011, "x_max": -0.011, "y_max": 0.011, "min": [-0.033, -0.011, 0.0], "max": [-0.011, 0.011, 0.0], "size": [0.022000000000000002, 0.022]}, "crystal_box": {"x_min": -0.011, "y_min": -0.011, "x_max": 0.20899999999999996, "y_max": 0.011, "min": [-0.011, -0.011, 0.0], "max": [0.20899999999999996, 0.011, 0.0], "size": [0.21999999999999997, 0.022]}, "right_box": {"x_min": 0.20899999999999996, "y_min": -0.011, "x_max": 0.23099999999999996, "y_max": 0.011, "min": [0.20899999999999996, -0.011, 0.0], "max": [0.23099999999999996, 0.011, 0.0], "size": [0.021999999999999992, 0.022]}, "absorber_boxes": {"left": {"x_min": -0.40200979942065546, "y_min": -0.011, "x_max": -0.033, "y_max": 0.011, "min": [-0.40200979942065546, -0.011, 0.0], "max": [-0.033, 0.011, 0.0], "size": [0.3690097994206555, 0.022]}, "right": {"x_min": 0.23099999999999996, "y_min": -0.011, "x_max": 0.6000097994206554, "y_max": 0.011, "min": [0.23099999999999996, -0.011, 0.0], "max": [0.6000097994206554, 0.011, 0.0], "size": [0.36900979942065537, 0.022]}}}
