{"frequencies": [2145.0857679028773, 6821.149177497993, 7138.482504284184, 7188.78164978458, 7688.371949035293, 7704.209572675581, 7793.508819789066, 8544.180209376376, 8975.14713628507, 9332.412625318404, 9949.098033656057], "max_frequency": 10000.0, "rho": 1.2, "c": 343.0, "n_left": 1.0, "n_right": 1.0, "elements_per_lambda": 15.0, "elements_per_lambda_surf": 30.0, "absorber": {"depth": 0.4797010988544258, "round_trip": 1e-25, "degree": 5}, "crystal": {"grid_size": 0.022, "n": 10, "radius": 0.00881659079346293, "inner_radius": 0.004858306641869735, "gap_width": 0.003281959052551048}, "indices": {"left_side": 10000, "crystal_domain": 10010, "right_side": 10020, "absorber": 20000}, "processed": true, "height": 0.022, "ks": [39.294377199788336, 124.9520241694913, 130.7650390276295, 131.68643509751806, 140.8380923216042, 141.12821105092573, 142.76402363811422, 156.51506575349345, 164.40965777399794, 170.95416293859438, 182.25080636955408], "wave_lengths": [0.1599003662848086, 0.050284782090898775, 0.04804942784326324, 0.04771323107445869, 0.04461282600187395, 0.044521114952079395, 0.044010985030139914, 0.04014428436605212, 0.03821664367075459, 0.03675362564546888, 0.03447548700793691], "unique_id": "20240814084304-b20bc9f1-6a93-4727-843c-144d1d409a4b", "domain_box": {"x_min": -0.033, "y_min": -0.011, "x_max": 0.23099999999999996, "y_max": 0.011, "min": [-0.033, -0.011, 0.0], "max": [0.23099999999999996, 0.011, 0.0], "size": [0.26399999999999996, 0.022]}, "left_box": {"x_min": -0.033, "y_min": -0.011, "x_max": -0.011, "y_max": 0.011, "min": [-0.033, -0.011, 0.0], "max": [-0.011, 0.011, 0.0], "size": [0.022000000000000002, 0.022]}, "crystal_box": {"x_min": -0.011, "y_min": -0.011, "x_max": 0.20899999999999996, "y_max": 0.011, "min": [-0.011, -0.011, 0.0], "max": [0.20899999999999996, 0.011, 0.0], "size": [0.21999999999999997, 0.022]}, "right_box": {"x_min": 0.20899999999999996, "y_min": -0.011, "x_max": 0.23099999999999996, "y_max": 0.011, "min": [0.20899999999999996, -0.011, 0.0], "max": [0.23099999999999996, 0.011, 0.0], "size": [0.021999999999999992, 0.022]}, "absorber_boxes": {"left": {"x_min": -0.5127010988544258, "y_min": -0.011, "x_max": -0.033, "y_max": 0.011, "min": [-0.5127010988544258, -0.011, 0.0], "max": [-0.033, 0.011, 0.0], "size": [0.4797010988544258, 0.022]}, "right": {"x_min": 0.23099999999999996, "y_min": -0.011, "x_max": 0.7107010988544258, "y_max": 0.011, "min": [0.23099999999999996, -0.011, 0.0], "max": [0.7107010988544258, 0.011, 0.0], "size": [0.4797010988544258, 0.022]}}}
