{"frequencies": [2000.0, 4000.0, 6000.0, 8000.0, 10000.0, 12000.0, 14000.0, 16000.0, 18000.0, 20000.0], "rho": 1.2, "c": 343.0, "n_left": 1.0, "n_right": 1.0, "elements_per_lambda": 10.0, "absorber": {"depth": 0.5145000000000001, "round_trip": 1e-25, "degree": 5}, "crystal": {"grid_size": 0.022, "n": 10, "radius": 0.0065, "inner_radius": 0.00325, "gap_width": 0.0026}, "indices": {"left_side": 10000, "crystal_domain": 10010, "right_side": 10020, "absorber": 20000}, "height": 0.022, "ks": [36.63664902145531, 73.27329804291062, 109.90994706436594, 146.54659608582125, 183.18324510727658, 219.81989412873187, 256.4565431501872, 293.0931921716425, 329.72984119309785, 366.36649021455315], "wave_lengths": [0.1715, 0.08575, 0.057166666666666664, 0.042875, 0.0343, 0.028583333333333332, 0.0245, 0.0214375, 0.019055555555555555, 0.01715], "unique_id": "20240216195646-752e17ac-9268-4054-ae21-9d0f2034cada", "domain_box": {"x_min": -0.033, "y_min": -0.011, "x_max": 0.23099999999999996, "y_max": 0.011, "min": [-0.033, -0.011, 0.0], "max": [0.23099999999999996, 0.011, 0.0], "size": [0.26399999999999996, 0.022]}, "left_box": {"x_min": -0.033, "y_min": -0.011, "x_max": -0.011, "y_max": 0.011, "min": [-0.033, -0.011, 0.0], "max": [-0.011, 0.011, 0.0], "size": [0.022000000000000002, 0.022]}, "crystal_box": {"x_min": -0.011, "y_min": -0.011, "x_max": 0.20899999999999996, "y_max": 0.011, "min": [-0.011, -0.011, 0.0], "max": [0.20899999999999996, 0.011, 0.0], "size": [0.21999999999999997, 0.022]}, "right_box": {"x_min": 0.20899999999999996, "y_min": -0.011, "x_max": 0.23099999999999996, "y_max": 0.011, "min": [0.20899999999999996, -0.011, 0.0], "max": [0.23099999999999996, 0.011, 0.0], "size": [0.021999999999999992, 0.022]}, "absorber_boxes": {"left": {"x_min": -0.5475000000000001, "y_min": -0.011, "x_max": -0.033, "y_max": 0.011, "min": [-0.5475000000000001, -0.011, 0.0], "max": [-0.033, 0.011, 0.0], "size": [0.5145000000000001, 0.022]}, "right": {"x_min": 0.23099999999999996, "y_min": -0.011, "x_max": 0.7455, "y_max": 0.011, "min": [0.23099999999999996, -0.011, 0.0], "max": [0.7455, 0.011, 0.0], "size": [0.5145000000000001, 0.022]}}}
