{"frequencies": [2389.1022552697254, 2733.3806111704343, 3494.9662794118117, 4055.286651490617, 4676.182099931782, 4960.9177269278225, 5420.624643779397, 5982.637469125511, 6443.020352494298, 8309.479679278746, 9843.213959938883], "max_frequency": 10000.0, "rho": 1.2, "c": 343.0, "n_left": 1.0, "n_right": 1.0, "elements_per_lambda": 15.0, "elements_per_lambda_surf": 30.0, "absorber": {"depth": 0.430705717066023, "round_trip": 1e-25, "degree": 5}, "crystal": {"grid_size": 0.022, "n": 10, "radius": 0.008560717614249327, "inner_radius": 0.00833230763010563, "gap_width": 0.0031915847285649956}, "indices": {"left_side": 10000, "crystal_domain": 10010, "right_side": 10020, "absorber": 20000}, "processed": true, "height": 0.022, "ks": [43.764350401342135, 50.07095304675111, 64.02192646031604, 74.28605686602725, 85.6598211778063, 90.87570079288525, 99.2967612755985, 109.59189458947952, 118.02533764621344, 152.21574528032522, 180.31118754668506], "wave_lengths": [0.143568572355341, 0.12548563438193383, 0.09814114717516688, 0.0845809506151488, 0.07335043688846159, 0.06914043305701255, 0.06327684031647904, 0.05733257309507953, 0.05323590198922991, 0.04127815618291181, 0.034846341997236206], "unique_id": "20240814084304-b252be60-50bc-4dff-8f08-6d26e8bf470f", "domain_box": {"x_min": -0.033, "y_min": -0.011, "x_max": 0.23099999999999996, "y_max": 0.011, "min": [-0.033, -0.011, 0.0], "max": [0.23099999999999996, 0.011, 0.0], "size": [0.26399999999999996, 0.022]}, "left_box": {"x_min": -0.033, "y_min": -0.011, "x_max": -0.011, "y_max": 0.011, "min": [-0.033, -0.011, 0.0], "max": [-0.011, 0.011, 0.0], "size": [0.022000000000000002, 0.022]}, "crystal_box": {"x_min": -0.011, "y_min": -0.011, "x_max": 0.20899999999999996, "y_max": 0.011, "min": [-0.011, -0.011, 0.0], "max": [0.20899999999999996, 0.011, 0.0], "size": [0.21999999999999997, 0.022]}, "right_box": {"x_min": 0.20899999999999996, "y_min": -0.011, "x_max": 0.23099999999999996, "y_max": 0.011, "min": [0.20899999999999996, -0.011, 0.0], "max": [0.23099999999999996, 0.011, 0.0], "size": [0.021999999999999992, 0.022]}, "absorber_boxes": {"left": {"x_min": -0.46370571706602304, "y_min": -0.011, "x_max": -0.033, "y_max": 0.011, "min": [-0.46370571706602304, -0.011, 0.0], "max": [-0.033, 0.011, 0.0], "size": [0.430705717066023, 0.022]}, "right": {"x_min": 0.23099999999999996, "y_min": -0.011, "x_max": 0.661705717066023, "y_max": 0.011, "min": [0.23099999999999996, -0.011, 0.0], "max": [0.661705717066023, 0.011, 0.0], "size": [0.430705717066023, 0.022]}}}
