{"frequencies": [2358.3094095935417, 3012.452504144643, 3378.902362296893, 4273.875659543027, 5533.372602577678, 5579.839060346696, 5663.461911796105, 6211.660777800487, 6308.800146562983, 7184.7621079861465, 9644.705642045465], "max_frequency": 10000.0, "rho": 1.2, "c": 343.0, "n_left": 1.0, "n_right": 1.0, "elements_per_lambda": 15.0, "elements_per_lambda_surf": 30.0, "absorber": {"depth": 0.43632951461502667, "round_trip": 1e-25, "degree": 5}, "crystal": {"grid_size": 0.022, "n": 10, "radius": 0.009556702693696545, "inner_radius": 0.007715141834001253, "gap_width": 0.0020318140672263858}, "indices": {"left_side": 10000, "crystal_domain": 10010, "right_side": 10020, "absorber": 20000}, "processed": true, "height": 0.022, "ks": [43.200277061637046, 55.18308254407573, 61.895829962618755, 78.29024125000936, 101.36211497278755, 102.21330262506444, 103.7451331544271, 113.7872178783083, 115.56664835806694, 131.61280382646993, 176.67484776143476], "wave_lengths": [0.14544317153834221, 0.11386071631937365, 0.10151225552632932, 0.08025502549053437, 0.061987511891069144, 0.06147130701986379, 0.06056366324024969, 0.05521872688634718, 0.05436849987820037, 0.04773992441847754, 0.03556355297197603], "unique_id": "20240814084304-55c8d2ab-6e4f-46ca-8331-c8674e6622bd", "domain_box": {"x_min": -0.033, "y_min": -0.011, "x_max": 0.23099999999999996, "y_max": 0.011, "min": [-0.033, -0.011, 0.0], "max": [0.23099999999999996, 0.011, 0.0], "size": [0.26399999999999996, 0.022]}, "left_box": {"x_min": -0.033, "y_min": -0.011, "x_max": -0.011, "y_max": 0.011, "min": [-0.033, -0.011, 0.0], "max": [-0.011, 0.011, 0.0], "size": [0.022000000000000002, 0.022]}, "crystal_box": {"x_min": -0.011, "y_min": -0.011, "x_max": 0.20899999999999996, "y_max": 0.011, "min": [-0.011, -0.011, 0.0], "max": [0.20899999999999996, 0.011, 0.0], "size": [0.21999999999999997, 0.022]}, "right_box": {"x_min": 0.20899999999999996, "y_min": -0.011, "x_max": 0.23099999999999996, "y_max": 0.011, "min": [0.20899999999999996, -0.011, 0.0], "max": [0.23099999999999996, 0.011, 0.0], "size": [0.021999999999999992, 0.022]}, "absorber_boxes": {"left": {"x_min": -0.4693295146150267, "y_min": -0.011, "x_max": -0.033, "y_max": 0.011, "min": [-0.4693295146150267, -0.011, 0.0], "max": [-0.033, 0.011, 0.0], "size": [0.43632951461502667, 0.022]}, "right": {"x_min": 0.23099999999999996, "y_min": -0.011, "x_max": 0.6673295146150267, "y_max": 0.011, "min": [0.23099999999999996, -0.011, 0.0], "max": [0.6673295146150267, 0.011, 0.0], "size": [0.43632951461502667, 0.022]}}}
