{"frequencies": [2681.7191519983908, 3085.520118503111, 3195.3087027803804, 3602.855143372143, 5303.975494625123, 5671.554060235556, 6517.6291166010105, 6627.342996152747, 8528.116762289166, 9740.518290698086, 9941.876761962685], "max_frequency": 10000.0, "rho": 1.2, "c": 343.0, "n_left": 1.0, "n_right": 1.0, "elements_per_lambda": 15.0, "elements_per_lambda_surf": 30.0, "absorber": {"depth": 0.3837090842391901, "round_trip": 1e-25, "degree": 5}, "crystal": {"grid_size": 0.022, "n": 10, "radius": 0.00885854494197221, "inner_radius": 0.0065709924565292, "gap_width": 0.004621565301019762}, "indices": {"left_side": 10000, "crystal_domain": 10010, "right_side": 10020, "absorber": 20000}, "processed": true, "height": 0.022, "ks": [49.12460167293991, 56.521558815118844, 58.532701729483236, 65.99826968143515, 97.15994430749024, 103.89336775552994, 119.39204519846453, 121.40181964742413, 156.220810316989, 178.4299749516858, 182.11852477129474], "wave_lengths": [0.12790302807973003, 0.11116440237842325, 0.10734487084191284, 0.0952022732945528, 0.06466847374155199, 0.06047725127136569, 0.052626498664421845, 0.05175528114345608, 0.040219899605118674, 0.03521373193534836, 0.03450052824153961], "unique_id": "20240814084304-c89b8ff9-baba-49a1-ac32-e294bb180efc", "domain_box": {"x_min": -0.033, "y_min": -0.011, "x_max": 0.23099999999999996, "y_max": 0.011, "min": [-0.033, -0.011, 0.0], "max": [0.23099999999999996, 0.011, 0.0], "size": [0.26399999999999996, 0.022]}, "left_box": {"x_min": -0.033, "y_min": -0.011, "x_max": -0.011, "y_max": 0.011, "min": [-0.033, -0.011, 0.0], "max": [-0.011, 0.011, 0.0], "size": [0.022000000000000002, 0.022]}, "crystal_box": {"x_min": -0.011, "y_min": -0.011, "x_max": 0.20899999999999996, "y_max": 0.011, "min": [-0.011, -0.011, 0.0], "max": [0.20899999999999996, 0.011, 0.0], "size": [0.21999999999999997, 0.022]}, "right_box": {"x_min": 0.20899999999999996, "y_min": -0.011, "x_max": 0.23099999999999996, "y_max": 0.011, "min": [0.20899999999999996, -0.011, 0.0], "max": [0.23099999999999996, 0.011, 0.0], "size": [0.021999999999999992, 0.022]}, "absorber_boxes": {"left": {"x_min": -0.4167090842391901, "y_min": -0.011, "x_max": -0.033, "y_max": 0.011, "min": [-0.4167090842391901, -0.011, 0.0], "max": [-0.033, 0.011, 0.0], "size": [0.38370908423919015, 0.022]}, "right": {"x_min": 0.23099999999999996, "y_min": -0.011, "x_max": 0.61470908423919, "y_max": 0.011, "min": [0.23099999999999996, -0.011, 0.0], "max": [0.61470908423919, 0.011, 0.0], "size": [0.38370908423919003, 0.022]}}}
