{"frequencies": [3954.989451139102, 4035.218094923586, 5043.579580884475, 5435.514810186238, 5513.851780545829, 6475.463364230617, 6502.19477165227, 7060.409747502774, 8005.592523591251, 8039.949992298771, 9961.782928132974], "max_frequency": 10000.0, "rho": 1.2, "c": 343.0, "n_left": 1.0, "n_right": 1.0, "elements_per_lambda": 15.0, "elements_per_lambda_surf": 30.0, "absorber": {"depth": 0.26017768510194916, "round_trip": 1e-25, "degree": 5}, "crystal": {"grid_size": 0.022, "n": 10, "radius": 0.00836621528694759, "inner_radius": 0.008226443603039464, "gap_width": 0.007162446617315924}, "indices": {"left_side": 10000, "crystal_domain": 10010, "right_side": 10020, "absorber": 20000}, "processed": true, "height": 0.022, "ks": [72.44878020247074, 73.91843453437048, 92.3899274583216, 99.56952417585775, 101.00452622009199, 118.61963926330469, 119.109313859083, 129.33487693346055, 146.64904174779969, 147.27841300895122, 182.4831723829666], "wave_lengths": [0.08672589503398305, 0.08500160138345517, 0.06800725447061337, 0.06310349837649468, 0.06220696776982381, 0.05296918239004717, 0.05275141887403665, 0.04858074988088575, 0.04284504850693208, 0.04266195689383012, 0.03443158744518886], "unique_id": "20240814084304-7dec73b5-b23b-4aa2-a61c-d6bdd29383b5", "domain_box": {"x_min": -0.033, "y_min": -0.011, "x_max": 0.23099999999999996, "y_max": 0.011, "min": [-0.033, -0.011, 0.0], "max": [0.23099999999999996, 0.011, 0.0], "size": [0.26399999999999996, 0.022]}, "left_box": {"x_min": -0.033, "y_min": -0.011, "x_max": -0.011, "y_max": 0.011, "min": [-0.033, -0.011, 0.0], "max": [-0.011, 0.011, 0.0], "size": [0.022000000000000002, 0.022]}, "crystal_box": {"x_min": -0.011, "y_min": -0.011, "x_max": 0.20899999999999996, "y_max": 0.011, "min": [-0.011, -0.011, 0.0], "max": [0.20899999999999996, 0.011, 0.0], "size": [0.21999999999999997, 0.022]}, "right_box": {"x_min": 0.20899999999999996, "y_min": -0.011, "x_max": 0.23099999999999996, "y_max": 0.011, "min": [0.20899999999999996, -0.011, 0.0], "max": [0.23099999999999996, 0.011, 0.0], "size": [0.021999999999999992, 0.022]}, "absorber_boxes": {"left": {"x_min": -0.2931776851019492, "y_min": -0.011, "x_max": -0.033, "y_max": 0.011, "min": [-0.2931776851019492, -0.011, 0.0], "max": [-0.033, 0.011, 0.0], "size": [0.26017768510194916, 0.022]}, "right": {"x_min": 0.23099999999999996, "y_min": -0.011, "x_max": 0.49117768510194915, "y_max": 0.011, "min": [0.23099999999999996, -0.011, 0.0], "max": [0.49117768510194915, 0.011, 0.0], "size": [0.26017768510194916, 0.022]}}}
